<?xml version="1.0" encoding="utf-8" standalone="yes"?>
<Info>
	<Name>Prestige operatives</Name> 					
	<Description>Adds all prestige operatives to your team.</Description>
	<Features>
		<Feature>Season Pass: Wrench, Aiden Pearce, Mina Sidhu, Darcy Clarkson</Feature>
		<Feature>Urban Jungle Pack: The Lynx, The Leopard, The Viper</Feature>
		<Feature>Graffiti Crew Pack: The Warrior, The Witch, The Wings</Feature>
		<Feature>Electropunk Pack: Crash, Distortion, Voltage</Feature>
		<Feature>Mystics Pack: Singularity, VivNova, Callum Chaos</Feature>
		<Feature>Reaper Pack: The Horseman, The Harvester, Death</Feature>
		<Feature>Free operatives: Helen, El Rubius</Feature>
		<Feature>Bonus: Jackson Pearce</Feature>
	</Features>
	<Version>1.00</Version>
	<Category>Characters</Category>
	<Author>
		<Name>dnn00</Name>
	</Author>
	<UseCombineMode>true</UseCombineMode> 		
	<IsNSFW>false</IsNSFW> 						
</Info>